{"name":"39f4dfc3-aca5-4176-988f-d31ad4eda8a3","id":"/providers/Microsoft.Flow/flows/39f4dfc3-aca5-4176-988f-d31ad4eda8a3","type":"Microsoft.Flow/flows","properties":{"apiId":"/providers/Microsoft.PowerApps/apis/shared_logicflows","displayName":"Copy Notes From Lead to Contact","definition":{"metadata":{"workflowEntityId":null,"creator":{"id":"9199ffd5-d9b7-430f-8387-3d59d37a98cb","type":"User","tenantId":"c7a3e206-55c7-429f-bb53-4b9ac2e2df7a"},"provisioningMethod":"FromDefinition","failureAlertSubscription":true,"clientLastModifiedTime":"2019-01-11T09:39:27.7467138Z"},"$schema":"https://schema.management.azure.com/providers/Microsoft.Logic/schemas/2016-06-01/workflowdefinition.json#","contentVersion":"1.0.0.0","parameters":{"$connections":{"defaultValue":{},"type":"Object"},"$authentication":{"defaultValue":{},"type":"SecureObject"}},"triggers":{"When_a_record_is_created":{"recurrence":{"interval":1,"frequency":"Minute"},"splitOn":"@triggerBody()?['value']","metadata":{"flowSystemMetadata":{"swaggerOperationId":"GetOnNewItems"}},"type":"ApiConnection","inputs":{"host":{"connection":{"name":"@parameters('$connections')['shared_dynamicscrmonline']['connectionId']"},"api":{"runtimeUrl":"https://asia-001.azure-apim.net/apim/dynamicscrmonline"}},"method":"get","path":"/datasets/@{encodeURIComponent(encodeURIComponent('org90a793b4.crm5'))}/tables/@{encodeURIComponent(encodeURIComponent('contacts'))}/onnewitems","authentication":"@parameters('$authentication')"},"description":"When Contact record is created"}},"actions":{"Get_record":{"runAfter":{},"metadata":{"flowSystemMetadata":{"swaggerOperationId":"GetItem"}},"type":"ApiConnection","inputs":{"host":{"connection":{"name":"@parameters('$connections')['shared_dynamicscrmonline']['connectionId']"},"api":{"runtimeUrl":"https://asia-001.azure-apim.net/apim/dynamicscrmonline"}},"method":"get","path":"/datasets/@{encodeURIComponent(encodeURIComponent('org90a793b4.crm5'))}/tables/@{encodeURIComponent(encodeURIComponent('contacts'))}/items/@{encodeURIComponent(encodeURIComponent(triggerBody()?['contactid']))}","authentication":"@parameters('$authentication')"},"description":"Get the contact record"},"Get_record_-_Leads_via_Originating_Lead":{"runAfter":{"Get_record":["Succeeded"]},"metadata":{"flowSystemMetadata":{"swaggerOperationId":"GetItem"}},"type":"ApiConnection","inputs":{"host":{"connection":{"name":"@parameters('$connections')['shared_dynamicscrmonline']['connectionId']"},"api":{"runtimeUrl":"https://asia-001.azure-apim.net/apim/dynamicscrmonline"}},"method":"get","path":"/datasets/@{encodeURIComponent(encodeURIComponent('org90a793b4.crm5'))}/tables/@{encodeURIComponent(encodeURIComponent('leads'))}/items/@{encodeURIComponent(encodeURIComponent(body('Get_record')?['_originatingleadid_value']))}","authentication":"@parameters('$authentication')"}},"List_records_-_List_of_Notes_from_Leads":{"runAfter":{"Get_record_-_Leads_via_Originating_Lead":["Succeeded"]},"metadata":{"flowSystemMetadata":{"swaggerOperationId":"GetItems"}},"type":"ApiConnection","inputs":{"host":{"connection":{"name":"@parameters('$connections')['shared_dynamicscrmonline']['connectionId']"},"api":{"runtimeUrl":"https://asia-001.azure-apim.net/apim/dynamicscrmonline"}},"method":"get","path":"/datasets/@{encodeURIComponent(encodeURIComponent('org90a793b4.crm5'))}/tables/@{encodeURIComponent(encodeURIComponent('annotations'))}/items","authentication":"@parameters('$authentication')"}},"Apply_to_each":{"foreach":"@body('List_records_-_List_of_Notes_from_Leads')?['value']","actions":{"Condition":{"actions":{"Condition_-_if_Lead_=_note's_lead":{"actions":{"Create_a_new_record":{"runAfter":{},"metadata":{"flowSystemMetadata":{"swaggerOperationId":"PostItem"}},"type":"ApiConnection","inputs":{"host":{"connection":{"name":"@parameters('$connections')['shared_dynamicscrmonline']['connectionId']"},"api":{"runtimeUrl":"https://asia-001.azure-apim.net/apim/dynamicscrmonline"}},"method":"post","body":{"subject":"@items('Apply_to_each')?['subject']","notetext":"@items('Apply_to_each')?['notetext']","isdocument":false,"documentbody":"@items('Apply_to_each')?['documentbody']","filename":"@items('Apply_to_each')?['filename']","mimetype":"@items('Apply_to_each')?['mimetype']","_ownerid_value":"@items('Apply_to_each')?['_ownerid_value']","_ownerid_type":"systemusers","_objectid_value":"@body('Get_record')?['contactid']","_objectid_type":"contacts"},"path":"/datasets/@{encodeURIComponent(encodeURIComponent('org90a793b4.crm5'))}/tables/@{encodeURIComponent(encodeURIComponent('annotations'))}/items","authentication":"@parameters('$authentication')"}}},"runAfter":{},"expression":"@equals(body('Get_record_-_Leads_via_Originating_Lead')?['leadid'], items('Apply_to_each')?['_objectid_value'])","type":"If"}},"runAfter":{},"expression":"@equals(body('Get_record_-_Leads_via_Originating_Lead')?['leadid'], triggerBody()?['_originatingleadid_value'])","type":"If"}},"runAfter":{"List_records_-_List_of_Notes_from_Leads":["Succeeded"]},"type":"Foreach"}}},"connectionReferences":{"shared_dynamicscrmonline":{"connectionName":"shared-dynamicscrmon-dd144d64-efae-474b-b61a-de89f49fb4f7","source":"Embedded","id":"/providers/Microsoft.PowerApps/apis/shared_dynamicscrmonline","tier":"NotSpecified"}},"flowFailureAlertSubscribed":false}}